"","country","year","vector","popvector","aidvector","percIN","percOUT","percGIVEN","percRECEIVED","percINVEST"
"1","Aruba",1990,"11",1,1,22.8712106584283,0.00643624895410955,0,0,0
"2","Afghanistan",1990,"11",1,1,34.7786754085537,0,0,0,0
"3","Angola",1990,"11",1,1,1.25927962853628,0.000107837348926614,0,18.3730118099734,10.87149184
"4","Albania",1990,"11",1,1,0.231976344741677,13.1213902028333,0,0.141194649518729,0
"5","United Arab Emirates",1990,"11",1,1,24.1828957668353,6.10878088258188,1.38215768860336,0.260576822340363,0.993305047683008
"6","Argentina",1990,"11",1,1,0.516487451473797,0.526829727336667,0,9.66275819938237,10.7065731894381
"7","Australia",1990,"41",1,4,3.37450117491254,1.2065033313605,1.79920425158642,0.00101247485176423,8.82489840755647
"8","Austria",1990,"11",1,1,3.11950611173701,0.0777040447521116,0.91257295105175,0,3.43328077078368
"9","Burundi",1990,"11",1,1,4.86228655221738,9.33904920613966,0,153.107768332955,0.284926891406794
"10","Belgium",1990,"11",1,1,1.17879534830571,0.330839230654317,0.922655961270669,0,0
"11","Benin",1990,"11",1,1,2.06395534255192,0,0,82.6513202290305,14.0707565254561
"12","Burkina Faso",1990,"11",1,1,1.39797456212001,3.13688531185844,0,75.6525635593191,0.828459395348623
"13","Bangladesh",1990,"14",4,1,0.157347674633821,1.1447000398252,0,51.5151554148721,0.106172515506622
"14","Bulgaria",1990,"11",1,1,0.0611358490180814,4.06410019213632,0,0.00456809735936516,1.19619480685428
"15","Bahrain",1990,"11",1,1,7.43813817689094,6.34527285338667,0,1.99910064788733,29.2819419208625
"16","Belize",1990,"11",1,1,4.31187084115339,5.36811124381505,0,57.8959375378284,17.1818181818182
"17","Bolivia",1990,"11",1,1,0.168080316838106,1.64200642742399,0,109.918521049621,8.75794071230093
"18","Brazil",1990,"43",3,4,0.0543994216544833,0.13409321460886,0,4.69562764583079,1.84369891661117
"19","Barbados",1990,"11",1,1,0.959389186324287,3.12358376796454,0,9.91759897251838,2.75306518093416
"20","Bhutan",1990,"11",1,1,0.00336131315300511,18.8838572935827,0,89.1641372199346,0.733863701792582
"21","Botswana",1990,"11",1,1,1.42084367893064,0.143425128314396,0,39.6137746002963,-5.67170335736531
"22","Central African Republic",1990,"11",1,1,1.29840644393553,0.0499007431330314,0,89.3786246065296,-1.47362018264055
"23","Canada",1990,"41",1,4,3.08238998236839,0.77567557842467,2.38353212217617,0.000330285131797107,4.74877918854445
"24","Switzerland",1990,"41",1,4,3.97057919127323,0.293201463654559,1.68165259014735,0,5.78886382222819
"25","Chile",1990,"11",1,1,0.680683547821577,0.00633123210494748,0,22.409697088538,19.1273927059356
"26","China",1990,"42",2,4,0.00902328695322789,0.0800574355721755,0,7.64507768008839,22.2555373048128
"27","Cameroon",1990,"11",1,1,0.198096842024334,0.273239594613549,0,41.5038861490522,-0.914763495820454
"28","Colombia",1990,"14",4,1,0.0188261037292055,0.759463465380905,0,20.0175375430131,10.1583564528557
"29","Comoros",1990,"11",1,1,0.947863873740196,1.68977511417725,0,84.3236785600046,0.72815333918089
"30","Costa Rica",1990,"11",1,1,2.77771856147008,0.773354211926767,0,45.058806084376,15.0092038366659
"31","Cuba",1990,"11",1,1,0.000926093749793283,1.08506057692617,0,0.642904867431286,0
"32","Cyprus",1990,"11",1,1,5.69558746222008,0.0714834511897168,0,7.32668696760809,8.48638118504462
"33","Czech Republic",1990,"11",1,1,0.745904887618784,0.511866668666663,0,0.0013618441273833,0
"34","Germany",1990,"34",4,3,4.17468280102978,0.0180139171074541,1.74740747903844,0,0.755071445858831
"35","Djibouti",1990,"11",1,1,0,2.56766311552869,0,111.971165673659,0
"36","Denmark",1990,"11",1,1,1.63487643016188,0.367948345623241,3.54735953408999,0,7.53793710466675
"37","Dominican Republic",1990,"11",1,1,0.69684669873766,2.50676327870276,0,27.6322985019781,12.0672780931089
"38","Algeria",1990,"11",1,1,0.0654320848533928,0.271951258480315,0,11.9795837798533,0
"39","Ecuador",1990,"11",1,1,0.235866113855972,0.736977623497945,0,34.00814632342,9.93518190317169
"40","Eritrea",1990,"11",1,1,0.174286567128043,11.6183611583383,0,0,0
"41","Spain",1990,"44",4,4,1.02927595577591,0.214164485013915,0.460886633444155,0.000121097643012904,10.9604237274872
"42","Ethiopia",1990,"14",4,1,1.66439735203298,0.0889275577087537,0,50.5628602933321,0
"43","Finland",1990,"11",1,1,1.04150644017735,0.193324644420027,1.80926524579475,0.0590242465559828,2.35654721750601
"44","Fiji",1990,"11",1,1,0.0480356177243195,4.97237265757741,0,30.6013236582274,26.8797983919399
"45","France",1990,"34",4,3,0.980557966043947,0.778065547631896,1.63719169358366,0.000435880854077972,6.8004908260196
"46","Gabon",1990,"11",1,1,3.20959728816122,1.13770373707429,0,28.4676003681665,-1.13418025721392
"47","United Kingdom",1990,"44",4,4,1.15530460970005,0.802915951774805,0.965482079102117,0,8.57665387134968
"48","Ghana",1990,"11",1,1,0.277777397995387,0.0348776956384423,0,115.146703303235,7.05192173289498
"49","Guinea",1990,"11",1,1,15.7140721654098,0,0,129.156296950957,2.9719312695257
"50","Guinea-Bissau",1990,"11",1,1,0.26595140351143,2.18470225561632,0,429.156915532085,5.60333176954025
"51","Equatorial Guinea",1990,"11",1,1,3.94659783815583,0,0,239.80157340924,87.1517874480093
"52","Greece",1990,"11",1,1,4.78625042072056,0.185166079684669,0,0.0385407023684162,5.35493061755912
"53","Grenada",1990,"11",1,1,0.848513802629666,5.4327731965187,0,53.7566593844763,40.8416961249143
"54","Guatemala",1990,"11",1,1,0.006900657931875,3.95252653068221,0,30.9154203990726,5.75415418039836
"55","Guyana",1990,"11",1,1,0.29280198588886,6.77262516625433,0,262.625133397707,86.509163862464
"56","Honduras",1990,"11",1,1,0.0732966333514366,2.53540274297457,0,97.053638976342,6.71393794368668
"57","Croatia",1990,"11",1,1,6.86305439330544,3.67451882845188,0,0,0
"58","Haiti",1990,"11",1,1,0.0557767454071864,1.9472704114366,0,0,0
"59","Hungary",1990,"11",1,1,1.03638060888445,0.282360072134265,0,0,0
"60","Indonesia",1990,"13",3,1,0.0228498271582922,0.424136619986304,0,34.1368812181957,7.97526096794638
"61","India",1990,"42",2,4,0.123649759244231,0.149487519538439,0,14.0024568028661,0.646151190022885
"62","Ireland",1990,"11",1,1,2.42784949461777,2.73775503176745,0,0.0936858969575888,10.9116863486996
"63","Iraq",1990,"11",1,1,0.145727983394413,1.04246056073034,0,0.249311147777708,0.003324331041635
"64","Iceland",1990,"11",1,1,1.31933162236193,1.81888818252455,0.00029818089920547,0,0.405059880390714
"65","Israel",1990,"11",1,1,10.4072532188841,0.611974248927039,0,25.4908443896152,4.06093866751592
"66","Italy",1990,"34",4,3,0.972944983042791,0.709833206509819,1.55686770746003,0,1.5173235054305
"67","Jamaica",1990,"11",1,1,0.130773415776471,4.82344331433486,0,85.2817196317961,13.5250369077798
"68","Jordan",1990,"11",1,1,12.0892267957896,0.149830889400566,0,93.172795192754,0.860291158472408
"69","Japan",1990,"33",3,3,0.430279187611809,0.0685276475873625,1.79236570713745,0.0211258618228886,0.220815517268403
"70","Kenya",1990,"11",1,1,1.25561342934934,0.330927416941974,0,107.818407528167,2.7456051642697
"71","Cambodia",1990,"11",1,1,1.71275908950038,0,0,0,0
"72","Kuwait",1990,"11",1,1,0.44466959907365,29.6844521553968,17.3140642429906,0.235785831172746,0.298256882611602
"73","Lebanon",1990,"11",1,1,8.53656596568504,0.0399183283580323,0,12.6705956928052,0
"74","Liberia",1990,"11",1,1,1.23169353224178,14.7534068801932,0,119.017123569199,48.5327783558793
"75","Libya",1990,"11",1,1,2.45815598741275,2.93034838199817,0,0.256586095755651,1.16060648010049
"76","St. Lucia",1990,"11",1,1,0.395136778115502,3.86162975828629,0,58.898443063352,52.9102403908916
"77","Sri Lanka",1990,"11",1,1,5.26993793184214e-05,1.50552172385525,0,79.1210203698754,7.16113890241883
"78","Lesotho",1990,"11",1,1,0.0247882048206799,3.58790485836295,0,169.930908142361,10.2157917539766
"79","Luxembourg",1990,"11",1,1,6.48343590415084,1.27013225088385,0.0501572557135081,0,0
"80","Latvia",1990,"11",1,1,1.25377794950418,6.28308346015678,0,0,0
"81","Morocco",1990,"11",1,1,0.0176552200453641,1.83383027133167,0,42.809207559635,6.45274689922603
"82","Madagascar",1990,"11",1,1,0.0331289816488827,0.115384129026514,0,109.790456769651,2.54053497897659
"83","Maldives",1990,"11",1,1,1.04220183486239,2.46284403669725,0,98.2027076505526,15.9668162319666
"84","Mexico",1990,"44",4,4,0.152195896609676,2.20182469673542,0,12.4814671651222,10.294820547211
"85","Mali",1990,"11",1,1,0.209877889549432,2.28985242408255,0,125.33239139768,0.243807659265014
"86","Malta",1990,"11",1,1,1.74944235818957,0.0118587119180055,0,1.88104970298545,14.5437793543541
"87","Myanmar",1990,"14",4,1,0,0.302971085341363,0,0,0
"88","Mongolia",1990,"11",1,1,0,4.05833861762841,0,0.285461962482249,0
"89","Mozambique",1990,"11",1,1,4.98972814104966,0.150807984851298,0,339.365261132116,4.93614985846666
"90","Mauritania",1990,"11",1,1,0.122055775041818,0.875095433285648,0,176.209353287959,3.40594704491928
"91","Mauritius",1990,"11",1,1,1.35562324384312,1.89190337890487,0,37.0449475594891,4.06458782036744
"92","Malawi",1990,"11",1,1,0.215517103946669,9.77731103779595,0,157.759209690981,1.08957837800628
"93","Malaysia",1990,"11",1,1,2.84385943361896,1.08414116952977,0,11.3066495511112,47.3869277277339
"94","Namibia",1990,"11",1,1,1.77470438667078,0.134162564899993,0,11.7157135472417,15.0298782629185
"95","New Caledonia",1990,"11",1,1,3.11060919022347,0.164424601665311,0,16.7966909378042,2.15434240022043
"96","Niger",1990,"11",1,1,0.404341115213519,0.478836646240011,0,105.849672424799,2.6908216500307
"97","Nigeria",1990,"14",4,1,0.0491940034519888,0.188633139730035,0,43.4008433461414,17.8868957930354
"98","Nicaragua",1990,"11",1,1,0.00682822125560131,2.7699897986857,0,194.176616452531,14.1828939855176
"99","Netherlands",1990,"41",1,4,1.93993115076671,0.473885246373109,3.79441981646203,0,11.4529141371517
"100","Norway",1990,"11",1,1,1.39208713576628,0.400285466864931,4.69645041597595,0,3.05974921518316
"101","Nepal",1990,"11",1,1,0.655586625921849,1.20859444464127,0,100.912667231181,0
"102","Oman",1990,"11",1,1,4.8891405224376,1.2879664532748,0,3.49966647132142,5.13699394015716
"103","Pakistan",1990,"14",4,1,0.880488605460436,2.28957165392319,0,58.2712624760639,4.02329869468571
"104","Panama",1990,"11",1,1,0.588908988632179,0.275272054746844,0,20.2944631527845,14.9145930140414
"105","Peru",1990,"11",1,1,0.00228619516556314,1.38885210919601,0,11.9950416503185,15.1636389599172
"106","Philippines",1990,"14",4,1,0.0948305447820681,1.2288340387174,0,48.5640020343227,9.32261661082938
"107","Papua New Guinea",1990,"11",1,1,0.0831188221562648,0.0951200641284801,0,146.000425473516,15.3843094421898
"108","Poland",1990,"14",4,1,0.0865529340227131,0.709833243516231,0,12.4454335312595,7.04479929633871
"109","Portugal",1990,"11",1,1,2.5346536557651,1.04832930624173,1.06285214754934,0.651471204952415,12.3669535459075
"110","Paraguay",1990,"11",1,1,0.430187909078396,1.16789360520583,0,10.5151150548544,8.6493865847263
"111","French Polynesia",1990,"11",1,1,0.402278570348339,0.680042345112668,0,11.6999918690148,0
"112","Qatar",1990,"11",1,1,6.6643160859473,11.385625359408,0,0.164216499929391,3.95220968856767
"113","Romania",1990,"11",1,1,0.0363376431217617,2.32317400757311,0,0.0148533644946964,1.41557524186968
"114","Rwanda",1990,"11",1,1,0,20.8555540556549,0,77.0364680915625,0.791330158896903
"115","Saudi Arabia",1990,"11",1,1,4.13496283001271,4.89063532438103,1.571283811748,0.0931212608749833,3.13323577250644
"116","Sudan",1990,"11",1,1,5.99046799598817,0.0148884461060241,0,44.9506428930116,0.542847234378458
"117","Senegal",1990,"11",1,1,0.219916927960804,0.991030184047512,0,101.619008609748,2.39284010443382
"118","Singapore",1990,"11",1,1,9.35542011307682,1.75407563571253,0,0.567513987338191,71.6492387026254
"119","Solomon Islands",1990,"11",1,1,0.0346321456858929,0.361713521608214,0,100.020125317542,21.352116289493
"120","Sierra Leone",1990,"11",1,1,0.0738195485967672,11.5480788602384,0,266.777568680981,3.69478852012306
"121","El Salvador",1990,"11",1,1,7.6160273202132e-05,4.87650421299591,0,82.809997271345,1.27060121611257
"122","Somalia",1990,"11",1,1,1.58187425207008e-05,14.1524594585403,0,0,0
"123","Suriname",1990,"11",1,1,1.58691669360923,2.41429817084521,0,64.8919487509658,-48.7767190316765
"124","Sweden",1990,"41",1,4,2.02293886960083,0.268050499863591,6.1595043654636,0,7.08940068753296
"125","Swaziland",1990,"11",1,1,0.0514646562995521,4.50431654009143,0,39.9703076749248,30.0288569220356
"126","Chad",1990,"11",1,1,0.696187425961166,0.899224608435484,0,120.611511926067,3.32656816635115
"127","Togo",1990,"11",1,1,0.223821753805577,3.48291576686413,0,103.648846940903,0.930734328999952
"128","Thailand",1990,"14",4,1,3.1811773834406e-05,1.95873928102281,0,10.1209724172188,11.4139789907568
"129","Tonga",1990,"11",1,1,0.119808306709265,11.7790482596267,0,143.248794149746,5.9344948970784
"130","Tunisia",1990,"11",1,1,0.0165071481781951,0.553481398849018,0,56.2428966483907,14.0058952775929
"131","Turkey",1990,"14",4,1,0.524824656092956,0.90646278456894,0,9.79431538022978,2.37728177006983
"132","Tanzania",1990,"11",1,1,2.42667904983729,0.127534506749257,0,240.204092960636,1.94067341046999
"133","Uganda",1990,"11",1,1,3.33214855253015,2.66736744945991,0,90.3594883556967,3.27316320791541
"134","Uruguay",1990,"11",1,1,0.153987781942497,0.806144848836989,0,21.9615729565904,3.66905993274179
"135","United States",1990,"53",3,5,2.29553807141169,0.516330225980779,1.22818632497986,2.29961958923933e-05,3.16058511713765
"136","Vanuatu",1990,"11",1,1,0.157536161709847,0.219595861777363,0,129.407673398986,76.2592716258068
"137","Samoa",1990,"11",1,1,0.400945568415559,8.41064685475701,0,242.891216853465,18.1209159215196
"138","South Africa",1990,"14",4,1,2.47738662464474,0.0464728950692093,0,0.624453894254644,0.506602726178813
"139","Zambia",1990,"11",1,1,0.43140596099147,0.590153039207716,0,152.432767927475,19.3716251985177
"140","Zimbabwe",1990,"11",1,1,0.749315364160076,2.59684260152177,0,52.3865634172444,0.775728307510101
"141","Aruba",1995,"11",1,1,8.97716804023604,1.12416901127904,0,2.31305617258884,62.1996615905247
"142","Afghanistan",1995,"11",1,1,0.0756475382771893,2.32236392356498,0,0,0
"143","Angola",1995,"11",1,1,0.0774304885212885,1.04855096343033,0,47.8135290663585,92.2716057867076
"144","Albania",1995,"11",1,1,0.386224411691633,8.86559440664738,0,44.3593910306575,12.1183798752674
"145","United Arab Emirates",1995,"11",1,1,22.2292902026728,2.2561560927788,0.233792317960596,0.0448640386765833,0.311999635376743
"146","Argentina",1995,"44",4,4,0.484023091647455,0.630159013828847,0,11.5586326996581,20.5387847287711
"147","Armenia",1995,"11",1,1,1.21889206691667,8.20145241971188,0,51.127434609965,29.8096320930224
"148","Australia",1995,"41",1,4,3.26328574590527,0.687671536077911,1.67704906542407,0.254874479954233,9.54127721688237
"149","Austria",1995,"11",1,1,1.66851234946739,0.851102591026635,0.320257345980011,0.0551326968245005,6.8995627995458
"150","Azerbaijan",1995,"11",1,1,0.0874430709173715,1.74922576447625,0,16.9819284956405,118.115884070447
"151","Burundi",1995,"11",1,1,0.439892098611483,6.85027961077283,0,122.394338713702,0.421897538983823
"152","Belgium",1995,"41",1,4,1.05460188613559,0.450259948616976,1.42636892373223,0,0
"153","Benin",1995,"11",1,1,0.493797006110272,0.986040298326433,0,90.8924738639439,7.05553152827381
"154","Burkina Faso",1995,"11",1,1,1.44522093234843,2.81210591686161,0,119.488144171886,2.02313066229868
"155","Bangladesh",1995,"13",3,1,0.0903217225203467,0.897884016525584,0,29.4848811616998,1.38252025127628
"156","Bulgaria",1995,"11",1,1,0.144954828459017,1.43558218129834,0,20.845148897116,15.7715590400484
"157","Bahrain",1995,"11",1,1,7.45214907845955,3.99304631649903,0,17.25231912032,58.8295404847056
"158","Belarus",1995,"11",1,1,0.549362370021581,0.550480674906808,0,5.85679292800083,8.00135258459105
"159","Belize",1995,"11",1,1,4.3321962485867,5.28841043283308,0,65.0165673773229,19.4817173659384
"160","Bolivia",1995,"11",1,1,0.189950303407713,1.51689319382411,0,82.4143377151716,52.9721994425141
"161","Brazil",1995,"43",3,4,0.0483898951611051,0.116197313295107,0,3.17585685206301,12.2444856134316
"162","Barbados",1995,"11",1,1,1.00354013028283,1.72402080298307,0,17.0278706302381,3.22502638842051
"163","Bhutan",1995,"11",1,1,3.83142364761435,3.80312715539687,0,106.074133251692,0
"164","Botswana",1995,"11",1,1,1.64100410393766,0.0845021636233411,0,16.1139050156533,7.89958158927304
"165","Central African Republic",1995,"11",1,1,0.485574847714519,0.147399155834812,0,73.9524404331185,2.86008602071049
"166","Canada",1995,"41",1,4,3.48403624718948,0.988345710976358,1.71745929857658,0.0139917978995215,12.9146126694919
"167","Switzerland",1995,"41",1,4,2.36606172096558,1.44058385211557,1.76585956522606,0,11.0933474419922
"168","Chile",1995,"11",1,1,0.428773143780753,0.00890517998256445,0,6.60369602258229,37.0457543190198
"169","China",1995,"42",2,4,0.00903295417290877,0.0757613156769902,0,6.71877671248842,27.6047582265377
"170","Cameroon",1995,"11",1,1,0.204737043305341,0.20788143213271,0,51.6771697981469,4.42624733429373
"171","Colombia",1995,"14",4,1,0.0504300253351986,0.454484511769944,0,9.53280442340723,15.1112374186881
"172","Comoros",1995,"11",1,1,0.317782031553003,1.5745223886199,0,144.136431467821,0.89468527035186
"173","Costa Rica",1995,"11",1,1,4.19032021475822,0.561532929356224,0,20.4418300679424,20.8848301110758
"174","Cuba",1995,"11",1,1,0.00101778389385413,1.43119670846855,0,0.146983416365909,0
"175","Cyprus",1995,"11",1,1,6.22897886224864,0.00222121163587561,0,2.45573565158437,22.203185380727
"176","Czech Republic",1995,"11",1,1,0.722437999727517,0.37786427813863,0,8.33039722995605,25.7017878971416
"177","Germany",1995,"34",4,3,1.85926694063745,0.832481911205252,2.06536656616714,0,4.27352717670041
"178","Djibouti",1995,"11",1,1,4.53790487024185,0,0,102.369890811788,3.20837478520394
"179","Denmark",1995,"11",1,1,1.8491706973686,0.424984039929888,2.70416191033231,0,16.8788889184887
"180","Dominican Republic",1995,"11",1,1,0.781610710023035,2.55185355062199,0,11.891455273461,18.1495901425711
"181","Algeria",1995,"11",1,1,0.0728715104673007,0.559352760661908,0,28.5079075073166,0
"182","Ecuador",1995,"11",1,1,0.0217209343305792,2.21067540655296,0,18.3598909519183,13.0745921856028
"183","Eritrea",1995,"11",1,1,0.121456530224282,0.402864010088193,0,102.224174995269,0
"184","Spain",1995,"44",4,4,2.01241565248256,0.00937970826237506,0.811334072346709,0,9.69942578659743
"185","Estonia",1995,"11",1,1,0.124318371972263,2.67068717571768,0,13.4477983838947,34.3795299039864
"186","Ethiopia",1995,"14",4,1,0.692374574546991,1.17708534651906,0,65.9152601266708,8.54920823750338
"187","Finland",1995,"11",1,1,0.97836833542491,0.596187392198975,1.77461747079508,0,15.6250092156837
"188","Fiji",1995,"11",1,1,0.101870024165117,5.55397950736172,0,13.2774565228121,8.1889954202605
"189","France",1995,"34",4,3,1.03145348065816,0.716856532962502,1.32647067740489,0,8.9609353908849
"190","Gabon",1995,"11",1,1,3.36785251769756,2.04703580195665,0,37.8854811680102,-22.6847185398653
"191","United Kingdom",1995,"34",4,3,1.45422631160845,0.714427662785814,0.83843473659911,0.00215820914563626,18.9823654545536
"192","Georgia",1995,"11",1,1,0,8.24055766793409,0,17.5457352667781,0
"193","Ghana",1995,"11",1,1,0.162078721956238,0.470712024127929,0,87.5520051444586,11.1273733503619
"194","Guinea",1995,"11",1,1,1.07188918067621,3.96268208463579,0,55.9693860104476,3.33282746211203
"195","Guinea-Bissau",1995,"11",1,1,0.432898599938859,2.13095860110748,0,304.292220098219,6.96434153864995
"196","Equatorial Guinea",1995,"11",1,1,4.45674187878626,0,0,197.618717443836,694.816348637418
"197","Greece",1995,"11",1,1,3.23442578421275,0.391965539601632,0,0.221665465008139,0
"198","Grenada",1995,"11",1,1,0.799976060566766,6.3070431807527,0,50.9788056836462,58.1541554959786
"199","Guatemala",1995,"11",1,1,0.013796960111627,3.78445112525844,0,16.5735668659031,7.2593968860708
"200","Guyana",1995,"11",1,1,0.398516571601566,6.24815087485121,0,176.848352726784,44.3063275650805
"201","Honduras",1995,"11",1,1,0.0779090331553373,3.30215541170882,0,78.4020028510411,15.307897192524
"202","Croatia",1995,"11",1,1,1.10751766973656,4.53531805525809,0,3.84548291123379,15.7897228411563
"203","Haiti",1995,"11",1,1,0.0760760561067628,1.81696323412627,0,60.8218828690439,1.99977728622747
"204","Hungary",1995,"11",1,1,1.00225918085694,0.212112249388007,0,17.4208059171422,40.8278874513296
"205","Indonesia",1995,"13",3,1,0.0694250081787806,0.463547923160918,0,19.9071460466663,6.48614626753106
"206","India",1995,"42",2,4,0.070852713698815,0.123301888611353,0,11.5166066759081,3.53252892937425
"207","Ireland",1995,"11",1,1,3.03011410034413,0.719677037586305,0,0.00876370953887922,52.2550314054241
"208","Iraq",1995,"11",1,1,0.281772079684994,0.373646752837444,0,0,0
"209","Iceland",1995,"11",1,1,1.86377435805405,1.12200337984357,0.269425055986438,0,6.08509191028806
"210","Israel",1995,"11",1,1,4.79545536519387,0.373002705139766,0,11.1915503258177,10.2718064218233
"211","Italy",1995,"34",4,3,0.973320052846809,0.577593501322375,1.33541727775189,0.0685361643305194,1.85046296506968
"212","Jamaica",1995,"11",1,1,0.211083171991613,3.15467917767941,0,48.39186226987,24.6950954772738
"213","Jordan",1995,"11",1,1,2.52523171606224,6.88504911162971,0,58.1360069086577,12.7498129526984
"214","Japan",1995,"53",3,5,0.191067371391672,0.180870383214152,1.33292764849973,0,0.349112552688359
"215","Kazakhstan",1995,"11",1,1,0.274677714306092,8.62561494562403,0,11.2077690334177,30.239065239141
"216","Kenya",1995,"11",1,1,0.465604197707708,0.543407042733844,0,47.866630400955,3.22297350165264
"217","Kyrgyz Republic",1995,"11",1,1,0.422397158144022,1.01793702306815,0,87.7916120586431,22.9250475388817
"218","Cambodia",1995,"11",1,1,0.869973880866718,0,0,51.0125543675992,32.6386101876809
"219","Kuwait",1995,"11",1,1,12.1834589570998,4.56423855137746,13.2617454948583,28.4233958130145,1.8577939796326
"220","Lebanon",1995,"11",1,1,4.52244111075141,4.52395755793982,0,17.1250775143264,0
"221","Liberia",1995,"11",1,1,21.7840966075154,0,0,189.430787091988,395.296735905044
"222","Libya",1995,"11",1,1,2.63617619770563,3.05280511139145,0,0.0720581256741572,-2.05169219671225
"223","St. Lucia",1995,"11",1,1,0.919477693144722,1.56352013057671,0,45.7001421552117,47.3494079342751
"224","Sri Lanka",1995,"11",1,1,1.10656191213898e-05,2.21207259046144,0,40.9234887382969,7.48874084750928
"225","Lesotho",1995,"11",1,1,0.000342109584542121,1.19253699344974,0,91.0645588459067,125.674098540769
"226","Lithuania",1995,"11",1,1,0.00939626386913347,2.91879368504936,0,11.2196487816701,25.3017099709374
"227","Luxembourg",1995,"11",1,1,6.17828081982258,1.31293973692261,0,1.93111390496056,0
"228","Latvia",1995,"11",1,1,2.19769695330809,3.8071174251204,0,13.4872943990988,30.8699246871738
"229","Morocco",1995,"11",1,1,0.00949492135837828,1.85284977786339,0,29.1510456058959,0.478829866988038
"230","Moldova",1995,"11",1,1,0.0114826838678359,6.88365129755688,0,39.0473347008185,13.7925460405967
"231","Madagascar",1995,"11",1,1,0.0165099104807528,0.0678459941277943,0,59.0646388916929,3.44625317757451
"232","Maldives",1995,"11",1,1,0.308235294117647,0.738039215686275,0,58.2295898434872,12.9815780836821
"233","Mexico",1995,"44",4,4,0.18836784152693,1.62269676708595,0,11.2408341082593,16.922686738793
"234","Macedonia, FYR",1995,"11",1,1,1.42878788499261,1.89061521010021,0,16.2480938268272,6.1880201282524
"235","Mali",1995,"11",1,1,0.251186565045506,1.72812124668448,0,108.690993310388,8.50773080704461
"236","Malta",1995,"11",1,1,1.44666802678191,0.851573450197261,0,3.70938665252739,47.8272661515022
"237","Myanmar",1995,"14",4,1,0.0879382270076192,0.0813604172098318,0,0,0
"238","Mongolia",1995,"11",1,1,0,2.5133613978533,0,92.9644902700553,6.8862697860966
"239","Mozambique",1995,"11",1,1,0.620997755245819,0.152503273874778,0,333.064622854486,30.7843148719564
"240","Mauritania",1995,"11",1,1,0.631200283123233,0.210114457537085,0,104.348268649451,1.30545216803667
"241","Mauritius",1995,"11",1,1,1.24361111383331,2.0310800324645,0,17.2785386579791,4.26091305319087
"242","Malawi",1995,"11",1,1,1.22349893289213,2.3069666812314,0,192.698988692569,7.65262029362341
"243","Malaysia",1995,"11",1,1,3.21626041585546,1.18316320853848,0,5.54164603170376,23.0560246911109
"244","Namibia",1995,"11",1,1,2.46352648448145,0.318882562957392,0,29.6755674971103,11.9343014779624
"245","New Caledonia",1995,"11",1,1,3.69886903042061,0.496347050811079,0,14.5843131467316,0.39493553469895
"246","Niger",1995,"11",1,1,0.477370434586439,0.224911321533465,0,85.0194873411378,1.83355963056596
"247","Nigeria",1995,"14",4,1,0.0975772872377877,0.187462608884892,0,22.2980457392642,21.9582741044644
"248","Nicaragua",1995,"11",1,1,0.00390266831937443,3.42964323757558,0,126.860728637087,23.3741580062167
"249","Netherlands",1995,"41",1,4,1.70942426699362,0.716896028114615,2.79364661651861,0,26.5672705740642
"250","Norway",1995,"11",1,1,1.70564032167488,0.360250909344501,5.08344091687792,0.085349079777142,13.5420634985248
"251","Nepal",1995,"11",1,1,0.58073746762935,1.04444388865268,0,56.0455828790693,0
"252","New Zealand",1995,"11",1,1,3.2668100397452,2.09772962378178,0.214841108260526,0.000529314553389584,16.5044105952522
"253","Oman",1995,"11",1,1,0.143713296080414,10.5877919432958,0,5.74903439311487,2.27126680008298
"254","Pakistan",1995,"13",3,1,0.299858688943972,0.45387694880191,0,28.9183719370408,5.60534931683396
"255","Panama",1995,"11",1,1,0.69244464734079,0.293741154987446,0,16.2412697460858,40.6995595185197
"256","Peru",1995,"11",1,1,0.00507097682779907,1.46526270634331,0,22.4734365418095,22.0422671691793
"257","Philippines",1995,"14",4,1,0.0901744928128678,1.20504962840431,0,28.9721127665104,10.4573682324467
"258","Papua New Guinea",1995,"11",1,1,0.0569983135878424,0.0604970939978104,0,68.0158367262396,21.5818022472176
"259","Poland",1995,"14",4,1,0.088058043169221,0.60514836663549,0,16.2817401152218,18.7846514043338
"260","Portugal",1995,"11",1,1,2.52573862657109,0.794949141128183,1.17042481750652,0.00748406503317934,7.24602776956408
"261","Paraguay",1995,"11",1,1,0.354159223147617,1.26216877521738,0,21.0133049533676,10.2051048321884
"262","French Polynesia",1995,"11",1,1,1.95353159851301,0.45817843866171,0,7.04137136379286,0
"263","Qatar",1995,"11",1,1,11.5183256523206,2.96515701001359,0,0.137176108934928,16.1135928176841
"264","Romania",1995,"11",1,1,0.0701763821361675,1.39371026707053,0,13.7623856539109,13.1936434756488
"265","Rwanda",1995,"11",1,1,30.7130432429553,0,0,149.886037918995,1.22485382901042
"266","Saudi Arabia",1995,"11",1,1,0.691870601320592,5.34362805756121,0.74890344219912,0.176817930403521,2.48625889715291
"267","Sudan",1995,"11",1,1,0.286133508181,2.87864840269934,0,9.3186497459601,6.1591880940321
"268","Senegal",1995,"11",1,1,0.0159687815486756,1.94723850287909,0,69.1484105330755,9.02450253867108
"269","Singapore",1995,"11",1,1,8.71622860054714,1.51612736650186,0,0.0131442970778316,66.9722519392968
"270","Solomon Islands",1995,"11",1,1,0.129998107093944,0.323185872239976,0,55.2991453511024,11.6586591625319
"271","Sierra Leone",1995,"11",1,1,1.46758291909937,5.38059886805147,0,145.056883937852,1.19310920212457
"272","El Salvador",1995,"11",1,1,0,7.19263705631123,0,46.57317056997,14.8602248797037
"273","Somalia",1995,"11",1,1,1.0512665368301,2.62930083637441,0,0,0
"274","Serbia",1995,"11",1,1,2.74266503194539,4.68357088068139,0,0.308372608955224,6.02976927525373
"275","Suriname",1995,"11",1,1,1.02527869367248,2.29661530179665,0,105.757987649926,-9.09260436533164
"276","Slovak Republic",1995,"11",1,1,0.963502604159382,0.916486556599507,0,4.58995504612518,6.51746852586452
"277","Slovenia",1995,"11",1,1,1.69257118045784,0.475206445439707,0,3.96735837517434,4.60911693991206
"278","Sweden",1995,"41",1,4,1.39448114459611,0.83898846474412,3.84599040019944,0,42.1683264730699
"279","Swaziland",1995,"11",1,1,0.400964057511303,1.64838472620684,0,32.39521779434,18.196127413814
"280","Chad",1995,"11",1,1,1.01761960136734,0.0279506183842229,0,101.043665722965,11.2449747436757
"281","Togo",1995,"11",1,1,3.0541611834504,0.0758119322566234,0,56.0934006568086,10.4777017464479
"282","Thailand",1995,"14",4,1,1.00516671515139,0.00215468916803334,0,8.59464394865346,12.8285664143537
"283","Tajikistan",1995,"11",1,1,0.0402120902507291,5.80532231044909,0,10.9729162332481,6.7106580766877
"284","Turkmenistan",1995,"11",1,1,0.049283549943768,1.24648699501673,0,19.1875283668437,25.6310011528708
"285","Timor-Leste",1995,"11",1,1,0,18.9436725791329,0,0,0
"286","Tonga",1995,"11",1,1,0.281575571754842,9.36082345211651,0,74.4027991714612,1.13888153859914
"287","Tunisia",1995,"11",1,1,0.00764759865402264,0.619674934265762,0,39.1125302873873,10.2128421910853
"288","Turkey",1995,"14",4,1,0.182626047634475,0.441462334370886,0,6.52291467400633,2.43973038378922
"289","Tanzania",1995,"11",1,1,0.561218451631255,1.24912513921109,0,153.228176666062,21.2530528392524
"290","Uganda",1995,"11",1,1,1.58377270682895,1.80913925937371,0,85.7141995095303,13.33259449281
"291","Ukraine",1995,"14",4,1,0.456607459900013,1.51958661367453,0,6.4650374109926,5.49634389468961
"292","Uruguay",1995,"11",1,1,0.161591065759904,0.970631730829163,0,10.3388963835555,4.24507359207877
"293","United States",1995,"53",3,5,3.2479389960868,0.0494978931793088,1.59556758843224,3.38930018815093e-05,9.37339999947808
"294","Uzbekistan",1995,"11",1,1,0.0671669958305903,1.8262409479921,0,10.1542092370404,3.69724841167379
"295","Vanuatu",1995,"11",1,1,0,4.22145081908747,0,82.4807540148267,54.6369906664712
"296","Samoa",1995,"11",1,1,0.407268538652311,9.21202646951657,0,91.957999437811,13.1589637149938
"297","South Africa",1995,"14",4,1,0.725522916198471,0.244571088143161,0,1.33812498576646,5.10035842239988
"298","Zambia",1995,"11",1,1,1.99700071118829,1.09676018668341,0,195.597014831725,20.5276128574797
"299","Zimbabwe",1995,"11",1,1,0.0477868270984777,1.76062317514749,0,78.5907431846182,11.7700483543679
"300","Aruba",2000,"11",1,1,8.5077813731317,0,0,0.140862390710545,-0.441332585851118
"301","Afghanistan",2000,"11",1,1,4.8819151819567,0,0,0,0
"302","Angola",2000,"11",1,1,1.12486268678482,0,0,30.8925189127964,115.468362062621
"303","Albania",2000,"11",1,1,1.06713214225709,3.4124984987182,0,74.2623593072527,27.6599495686049
"304","United Arab Emirates",2000,"11",1,1,28.9985862888377,3.43185597456894,0.54882594226393,0.0111059083985553,14.4073653501366
"305","Argentina",2000,"44",4,4,0.566690322726713,1.06072049797918,0,12.9836869319986,7.21668210532296
"306","Armenia",2000,"11",1,1,0.334482191399624,3.59315600478268,0,102.796751401896,34.2534197876126
"307","Australia",2000,"41",1,4,4.75413251187803,1.30483475173602,2.71676378870499,0.0322456696424398,22.2096439321185
"308","Austria",2000,"11",1,1,2.8537367101513,0.114060097613875,1.56059801790811,2.86592561815853e-05,13.1043185712348
"309","Azerbaijan",2000,"11",1,1,0.671160201774222,0.018338593047238,0,46.8561022570172,221.91123620308
"310","Burundi",2000,"11",1,1,2.96878724376108,0.0296730949998618,0,78.4542694899017,0
"311","Belgium",2000,"11",1,1,2.0997634434825,0.194366540665772,2.17919009677185,0.000233988435532217,0
"312","Benin",2000,"11",1,1,1.40856014778902,0,0,83.9189185022204,-1.76826143667505
"313","Burkina Faso",2000,"11",1,1,1.03639369728179,2.12946409803493,0,121.545496812828,3.16130816452511
"314","Bangladesh",2000,"13",3,1,0.122693550651021,1.26812738310378,0,26.8118819840349,2.11431840002818
"315","Bulgaria",2000,"11",1,1,0.401962161873704,0.912514448900219,0,38.4546105012621,59.9968511478318
"316","Bahrain",2000,"11",1,1,6.91829558149823,3.16275652128274,0,11.4198767869851,22.5415142864835
"317","Belarus",2000,"11",1,1,0.655205964962559,0.460949876798793,0,1.04009332408592,6.25978632115611
"318","Belize",2000,"11",1,1,3.40460632723038,3.80854952448729,0,66.5073162799706,26.05207374236
"319","Bolivia",2000,"11",1,1,0.518291717788763,2.10162177355222,0,80.7794885889995,28.3579877430294
"320","Brazil",2000,"43",3,4,0.0249006691022318,0.319186165217373,0.000969826037471656,8.4557306950227,15.4269311082082
"321","Barbados",2000,"11",1,1,2.00231249861028,2.00861257495238,0,10.510166201586,3.25151704062842
"322","Bhutan",2000,"11",1,1,6.19014617493845,0,0,99.1883553739046,0
"323","Botswana",2000,"11",1,1,2.08375202049547,0.87004391968347,0,6.27280041940883,22.5415617385602
"324","Central African Republic",2000,"11",1,1,0.195300758336983,1.41790980685166,0,72.4418883902089,4.16809708201351
"325","Canada",2000,"41",1,4,3.95945361833232,0.425568010087846,1.60238593187093,0.000187400818810211,17.4664505070172
"326","Switzerland",2000,"41",1,4,4.58766050735985,2.00222709399033,2.29901651421308,6.8032167012092e-05,25.0045495244386
"327","Chile",2000,"11",1,1,0.719085149245039,0.528905426077792,0,3.50855943420378,29.1065620238927
"328","China",2000,"32",2,3,0.00980948722720955,0.189891537209588,0,4.67635362306778,22.143965554036
"329","Cameroon",2000,"11",1,1,0.320045947588332,0.409625663144483,0,66.0297813434083,11.3329852050077
"330","Colombia",2000,"14",4,1,0.0846327955139248,0.390617661996934,0,12.496614268472,11.961797378684
"331","Comoros",2000,"11",1,1,0.0655473109170051,1.91237474803541,0,95.18768817901,1.53684046412411
"332","Costa Rica",2000,"11",1,1,2.582735737304,0.450547071036442,0,7.34137817484436,19.3798763932861
"333","Cuba",2000,"11",1,1,0.00571208209710234,1.29286456599375,0,4.93697089192355,0
"334","Cyprus",2000,"11",1,1,6.55304271128511,0.0045585277863471,0,0.711420272534591,48.4130653083284
"335","Czech Republic",2000,"11",1,1,1.36276100887922,0.813081304327433,0.175851414837438,4.35077711811052,42.4949631736766
"336","Germany",2000,"34",4,3,1.49162693865195,0.561308278154927,2.09392413925086,0,20.5667887174565
"337","Djibouti",2000,"11",1,1,0.423216277634307,0.436502334747745,0,107.04349988909,11.4071002691769
"338","Denmark",2000,"11",1,1,1.39049324895273,0.528933166729593,4.3559563848865,0,25.652639665293
"339","Dominican Republic",2000,"11",1,1,0.399363606222065,2.1307839899059,0,11.5595764390583,18.9777377419477
"340","Algeria",2000,"11",1,1,0.235812616980343,0.693850605980863,0,9.22725737506702,7.26030358395658
"341","Ecuador",2000,"11",1,1,0.933049089542495,1.89241147630346,0,20.4904231426379,16.4059460824159
"342","Eritrea",2000,"11",1,1,6.48602211613858,0.0131818793852379,0,198.616236266677,15.8374819573262
"343","Spain",2000,"44",4,4,6.96839498377336,2.46500530567742e-06,1.33552996308905,0,27.6633152363642
"344","Estonia",2000,"11",1,1,0.70315715630447,0.644101404095248,0.0078689029472821,13.4294513573136,61.0574190424584
"345","Ethiopia",2000,"14",4,1,0.00191591055048595,0.530127783708539,0,79.8277470573361,21.2212665691909
"346","Finland",2000,"11",1,1,1.0329567449846,0.39540520871549,1.35103454507863,0,29.9008295368955
"347","Fiji",2000,"11",1,1,0.0661963479832303,7.69147324471816,0,29.9151098048368,21.5841140187746
"348","France",2000,"34",4,3,1.9769752342122,0.725939691391412,1.92549460752085,7.11275732830272e-05,16.1430911220179
"349","Gabon",2000,"11",1,1,3.51248997197024,2.74678697054439,0,26.7294969430388,11.6862504789856
"350","United Kingdom",2000,"34",4,3,2.6640822295343,1.02481785715583,1.40972036971456,0.000123119141547079,26.4792607983441
"351","Georgia",2000,"11",1,1,0.0119050313468981,7.01348935110789,0,76.8033623208282,40.2113135030035
"352","Ghana",2000,"11",1,1,0.548202033955496,0.498050623548672,0,133.985702419648,11.8436305275757
"353","Guinea",2000,"11",1,1,0.0655289450760385,4.90872713490428,0,75.8677471729152,3.02417641588429
"354","Guinea-Bissau",2000,"11",1,1,0.150290203769798,1.68413210638144,0,216.709846139204,2.85813201583623
"355","Equatorial Guinea",2000,"11",1,1,4.6947048009403,0,0,39.4156509214594,234.161574406372
"356","Grenada",2000,"11",1,1,0.568785672111789,5.49793347766188,0,23.0022765009083,58.6152762748592
"357","Guatemala",2000,"11",1,1,0.0679547527261465,2.6468389019785,0,23.8518223923816,-12.4486065148104
"358","Guyana",2000,"11",1,1,0.422113179685753,4.86514743646745,0,181.69385304795,31.2628085287792
"359","Honduras",2000,"11",1,1,0.0471562113572147,2.46054831909891,0,66.3704737445508,27.164045245181
"360","Croatia",2000,"11",1,1,0.578920018075011,0.875327609579756,0,16.040421471372,28.0790546177758
"361","Haiti",2000,"11",1,1,0.0533149175794419,2.0577827029938,0,57.2596676799713,1.08881503608993
"362","Hungary",2000,"11",1,1,0.767076901893072,0.123974497626132,0,5.82770634576574,40.5545110671813
"363","Indonesia",2000,"13",3,1,0.0205024639545496,0.580911181667837,0,39.1333248826218,-3.68650184320327
"364","India",2000,"42",2,4,0.0488428329351132,0.239385886185148,0,7.29674442063956,4.83257900631037
"365","Ireland",2000,"11",1,1,5.28653880216778,0.0382374104311656,0.246571129483496,0.346660820509854,76.0777895123312
"366","Iraq",2000,"11",1,1,0.0474321022521086,2.52215601343997,0,0,0
"367","Iceland",2000,"11",1,1,3.0703579239345,1.69449334115681,0.169622119916679,0,12.7747606439023
"368","Israel",2000,"11",1,1,3.2907139449833,1.66261726824614,0,6.0500345885935,13.3464067644645
"369","Italy",2000,"34",4,3,3.26493532694645,0.0144427389305644,0.692427342188261,8.09346957550734e-06,6.66325624921279
"370","Jamaica",2000,"11",1,1,0.193339089533267,3.12677036800578,0,23.5123803911692,30.0442720086805
"371","Jordan",2000,"11",1,1,2.96976848965784,4.9491387056799,0,62.6402425049711,34.3924724791373
"372","Japan",2000,"53",3,5,0.210154285218735,0.172007915296863,2.23013261410367,0.00568790141618854,0.889429866756757
"373","Kazakhstan",2000,"11",1,1,2.21997650303763,3.71310727641235,0,35.1559218670942,81.3161989629763
"374","Kenya",2000,"11",1,1,0.435269373221116,0.370790148143522,0,42.1476986721862,2.13789972439361
"375","Kyrgyz Republic",2000,"11",1,1,0.0313163481953291,5.13085905601829,0,155.43383061255,16.6688433657314
"376","Cambodia",2000,"11",1,1,0.0856294585012754,1.06401878027415,0,78.7732254535322,16.6595107091426
"377","Kuwait",2000,"11",1,1,11.0217831839832,2.65249006203776,10.215367387955,0.15350953847191,-0.357859629922242
"378","Lebanon",2000,"11",1,1,5.03245368395675,1.94947734114694,0,17.5829622067736,49.4899902847691
"379","Liberia",2000,"11",1,1,0.871551829065882,3.3982395379202,0,88.5646353961312,90.6263113520623
"380","Libya",2000,"11",1,1,0.944416465065247,1.33352968861949,0,0.902543298100194,1.70628813386389
"381","St. Lucia",2000,"11",1,1,1.14368361697112,1.55910518703528,0,44.1030788589072,44.4921553724535
"382","Sri Lanka",2000,"11",1,1,0.183800589654248,0.726411149825784,0,30.7344102546588,6.14024137914682
"383","Lesotho",2000,"11",1,1,0.0478929009144904,1.51016175302024,0,65.0785900263432,21.4257877789817
"384","Lithuania",2000,"11",1,1,0.511096328198938,1.54077569140595,0,12.6494894948762,21.6392531170048
"385","Latvia",2000,"11",1,1,0.332791282127093,1.16529745939896,0,13.0960795179063,19.7164406980117
"386","Morocco",2000,"11",1,1,0.00769588062791063,2.13737195279137,0,25.7118494937265,9.11921335085811
"387","Moldova",2000,"11",1,1,0.14831332742791,8.94792603126944,0,112.693771203548,33.1853714912805
"388","Madagascar",2000,"11",1,1,0.0691148340872431,0.126625845175277,0,103.999767240476,6.61371915898025
"389","Maldives",2000,"11",1,1,3.64965034965035,3.69335664335664,0,43.8306142869729,24.3907060947946
"390","Mexico",2000,"44",4,4,0.165858708888041,2.69921511422343,0,4.51700855933191,16.9141454434977
"391","Macedonia, FYR",2000,"11",1,1,1.1177152070201,1.32253108892369,0,62.6593527726262,32.5867767320449
"392","Mali",2000,"11",1,1,0.342040853718039,0.966667107211545,0,130.362369529938,14.0102387407159
"393","Malta",2000,"11",1,1,2.22027393889056,0.0140994188475904,0,1.0994590396414,209.860907458345
"394","Myanmar",2000,"14",4,1,0.00247745999138112,2.10631089194412,0,5.33665778861102,12.0588813258747
"395","Mongolia",2000,"11",1,1,0.218900342782587,0.855079463994481,0,119.62901119566,35.0862309858478
"396","Mozambique",2000,"11",1,1,0.267907161725871,0.395060679340554,0,190.182637861568,26.3851697535416
"397","Mauritania",2000,"11",1,1,1.09363319086191,0.000516334423905399,0,127.655205281711,53.352460252015
"398","Mauritius",2000,"11",1,1,1.0920292230087,1.09851685900682,0,10.2391199939114,7.56268461735752
"399","Malawi",2000,"11",1,1,0.232533415287634,0.429411349538962,0,228.341612745326,12.8991212975714
"400","Malaysia",2000,"11",1,1,3.17178556742267,1.48272358986268,0,6.41718000673399,16.1312678696188
"401","Namibia",2000,"11",1,1,0.557864183148898,1.00297531076902,0,27.252619424764,25.8885319663232
"402","New Caledonia",2000,"11",1,1,3.14777470337195,0.513061013928622,0,30.3060835340741,9.8793673163389
"403","Niger",2000,"11",1,1,0.219938076655908,0.490613275949455,0,105.351164194627,4.94566428641567
"404","Nigeria",2000,"13",3,1,0.107820258194874,0.259713957378242,0,7.43948552891789,17.4281742835026
"405","Nicaragua",2000,"11",1,1,0.0295417037347079,4.14558629042141,0,117.407300345704,20.9874867765818
"406","Netherlands",2000,"41",1,4,1.83521874617163,0.932283939613123,4.33886239698398,0,72.8705193695239
"407","Norway",2000,"11",1,1,2.28741382423874,0.795663829193134,6.05182032769751,0.000209405866292279,13.7943661169624
"408","Nepal",2000,"11",1,1,0.437933298217007,0.869110108636657,0,68.2345103052614,0.523699495523056
"409","New Zealand",2000,"11",1,1,6.1530704824118,2.62358400082951,0,0.000728536848605212,1.05646117058965
"410","Oman",2000,"11",1,1,0.527104768547689,2.76671952301573,0,6.22203787505666,1.70425032664053
"411","Pakistan",2000,"13",3,1,0.1175301465665,1.39352926836345,0,18.9819604478323,4.27842919350745
"412","Panama",2000,"11",1,1,0.715938682314921,0.460057627715187,0,28.2729772809612,32.5923482219144
"413","Peru",2000,"11",1,1,0.00367742464511212,2.42476955802411,0,33.4174661596747,13.6126643857868
"414","Philippines",2000,"14",4,1,0.019516952975833,1.47629388897256,0,27.5874100357777,6.29425282870657
"415","Papua New Guinea",2000,"11",1,1,0.119742071669956,0.129474022483225,0,130.84348239534,9.01112951594527
"416","Poland",2000,"14",4,1,0.326974602252475,0.604329026008747,0,4.34154575399886,22.3066971963718
"417","Portugal",2000,"11",1,1,1.9099120321698,0.166561417809972,1.86528516018625,0,22.6762436563305
"418","Paraguay",2000,"11",1,1,0.986251728599546,1.83810030469366,0,21.360455184775,4.07124543183354
"419","French Polynesia",2000,"11",1,1,0.378476568591502,0.547063013398408,0,24.5625253439358,1.69379163719926
"420","Qatar",2000,"11",1,1,30.0610157838953,1.35444592916372,0,4.12965385743898,16.8634489372892
"421","Romania",2000,"11",1,1,0.387912099516593,1.28430411463794,0,21.7598382971198,31.0509004580727
"422","Rwanda",2000,"11",1,1,0.644525126606934,0.589014413712505,0,158.425580049892,1.61176790688976
"423","Saudi Arabia",2000,"11",1,1,8.50779157502337,0.448489040879387,0.21033210666561,1.83396755940293,-1.80235248501041
"424","Sudan",2000,"11",1,1,0.211836580380734,1.7576741659017,0,13.44090136416,37.0358576270787
"425","Senegal",2000,"11",1,1,0.217826987424064,1.45778472620976,0,99.6292520315114,9.24077677647414
"426","Singapore",2000,"11",1,1,7.71881137678391,1.94767132245766,0,0.169606130517493,83.6041596703789
"427","Solomon Islands",2000,"11",1,1,0.169521943269567,0.180677893756548,0,114.581821559791,-2.33198512485087
"428","Sierra Leone",2000,"11",1,1,12.2970890058854,0,0,176.176282742545,20.2899221262836
"429","El Salvador",2000,"11",1,1,0.0911071819645289,6.2196868597118,0,20.9301991990315,10.8630968242971
"430","Somalia",2000,"11",1,1,0.0118070532519766,2.7370022216758,0,0,0
"431","Serbia",2000,"11",1,1,0.118874250866046,4.63069422296419,0,80.3643593435885,48.0916672967109
"432","Suriname",2000,"11",1,1,2.10191970479521,2.10878396508796,0,52.5631854606222,-40.5530642623446
"433","Slovak Republic",2000,"11",1,1,0.512329458572722,0.379143841209044,0,4.43455607287312,44.5071619872035
"434","Slovenia",2000,"11",1,1,2.03401334891964,0.90807848460852,0,2.91871932938431,18.6090970871375
"435","Sweden",2000,"41",1,4,2.3248587229936,0.578904068919803,3.13216251060934,0,31.670126338137
"436","Swaziland",2000,"11",1,1,0.00216223330497361,4.34655899371542,0,11.9488340882393,13.0390898018913
"437","Chad",2000,"11",1,1,2.60709134887654,0,0,171.7279508295,193.393681541144
"438","Togo",2000,"11",1,1,0.485954621122994,0.571272079405342,0,72.5285328855695,23.8185295950629
"439","Thailand",2000,"14",4,1,1.90895132339613,0.15520951338326,0,22.6537069037788,18.0923163224862
"440","Tajikistan",2000,"11",1,1,0,6.82933429375806,0,129.546731021324,43.3187807236179
"441","Turkmenistan",2000,"11",1,1,0.0521613295718528,2.58434062681123,0,37.1317324845252,39.8221810023773
"442","Timor-Leste",2000,"11",1,1,4.86033156866564,0.0989158212196864,0,242.217205434783,0
"443","Tonga",2000,"11",1,1,0.384073219064741,8.69782835195816,0,66.2305253626535,14.575392095298
"444","Tunisia",2000,"11",1,1,0.0080419069959642,0.846658154617416,0,35.2846095322839,14.5491554485243
"445","Turkey",2000,"44",4,4,0.268637853002168,0.435391075958271,0,24.349007504696,3.7150060610794
"446","Tanzania",2000,"14",4,1,0.0106379254397926,1.04481137834388,0,83.0479526083597,21.2961386558156
"447","Uganda",2000,"11",1,1,0.582162299312945,0.623445868098998,0,107.943867858717,16.0570587516705
"448","Ukraine",2000,"14",4,1,0.493132319751761,0.850344258425396,0,35.7006629597946,16.6946417536623
"449","Uruguay",2000,"11",1,1,0.052390039629753,3.19112548859734,0,13.2375403326804,6.60953144757167
"450","United States",2000,"23",3,2,2.75500871021406,0.565100076352835,1.26522286722933,0.00284416360332099,9.23914845423514
"451","Uzbekistan",2000,"11",1,1,0.0512162074449096,3.126099373641,0,33.2519309787184,3.50281164540617
"452","Vanuatu",2000,"11",1,1,0.340433809940667,0.355023830366696,0,115.742197036833,33.1873735979712
"453","Samoa",2000,"11",1,1,0.021762287101836,10.2832533473834,0,90.2526040580679,2.60665786908287
"454","South Africa",2000,"14",4,1,1.76153982808952,0.212932504672488,0,4.2991277643803,8.21603980755912
"455","Zambia",2000,"11",1,1,0.107668995070485,0.897298308396047,0,161.527770615211,35.4413311562906
"456","Zimbabwe",2000,"11",1,1,0,5.61256853110417,0,45.6226505830171,0.977584671089694
"457","Aruba",2005,"11",1,1,4.2696764003159,0.271915706131099,0,0.334884611384062,-19.3143808363892
"458","Afghanistan",2005,"11",1,1,0.0811845992458672,1.63920431305837,0,276.602647524371,14.9996084786623
"459","Angola",2005,"11",1,1,0.455648212337203,0,0,13.9322437950649,5.84186450389429
"460","Albania",2005,"11",1,1,0.932861407005908,2.52323851970804,0,36.500972029089,46.8705533854652
"461","United Arab Emirates",2005,"11",1,1,72.7107864923864,4.06318552352802,0.904343387822321,0.0172964271474682,24.410603372237
"462","Argentina",2005,"14",4,1,0.513430780571893,1.02475914786712,0,42.3712570934017,15.6077852103969
"463","Armenia",2005,"11",1,1,0.077514571711261,2.56594128461911,0,41.4103188634971,63.8724630350085
"464","Australia",2005,"41",1,4,6.45351266008983,0.938734383274168,1.59758451590112,0.100728888669865,17.8539486272453
"465","Austria",2005,"41",1,4,2.28105129554832,0.336844628151606,1.34903164601456,0.134125921957952,57.6117329996795
"466","Azerbaijan",2005,"11",1,1,0.644267950451927,0.0101646240102004,0,20.948847843156,154.343388862392
"467","Burundi",2005,"11",1,1,4.65738693932215,0,0,208.128817931711,0.47421068928179
"468","Belgium",2005,"41",1,4,2.147411247114,0.239086894768651,2.44980660545321,0,120.343587154542
"469","Benin",2005,"11",1,1,0.848471382713207,0.233868899958227,0,56.3489164050976,3.06331641531727
"470","Burkina Faso",2005,"11",1,1,0.912707852947218,1.84027944120402,0,92.6867809727921,4.16235499226768
"471","Bangladesh",2005,"13",3,1,0.043554193763647,2.07517486586911,0,20.7231308406199,5.90091168210631
"472","Bulgaria",2005,"11",1,1,0.399831726764375,1.05326145597608,0,20.9506796885673,134.269022680766
"473","Bahrain",2005,"11",1,1,51.6649096785058,0.00749699543490647,0,3.56988503176913,48.6621236150358
"474","Belarus",2005,"11",1,1,0.372188704060414,0.89057074694883,0,1.51751866057258,21.6331682647606
"475","Belize",2005,"11",1,1,2.24513642027824,2.58826104300001,0,20.1677530104526,58.751215025321
"476","Bolivia",2005,"11",1,1,0.457842693009242,2.26771304944822,0,122.458003613433,14.07270232996
"477","Brazil",2005,"43",3,4,0.025228242643593,0.29232821609425,0.000696724561316217,12.5087966772777,18.1257817041154
"478","Barbados",2005,"11",1,1,2.08530252214311,2.08712725308653,0,4.64777159449546,50.094169386817
"479","Bhutan",2005,"11",1,1,2.58844559657106,0.000307142758418399,0,72.5184404047312,13.1441104059229
"480","Botswana",2005,"11",1,1,2.09790434886639,1.09468707936629,0,6.00886226573764,21.4680259453483
"481","Central African Republic",2005,"11",1,1,0.98818722125018,0.865566889107626,0,48.287383290321,19.3223576797314
"482","Canada",2005,"31",1,3,3.89048341173558,0.490882644218866,1.36399580134101,0.0504258917417442,25.7678987617784
"483","Switzerland",2005,"41",1,4,4.4715323078909,2.01381853043821,2.17655734720473,3.48354795209252e-05,38.2208243822568
"484","Chile",2005,"11",1,1,0.77356226987723,0.587764934531709,0.000446626579083287,1.59560676938385,44.0926982937961
"485","China",2005,"32",2,3,0.0150571441720615,0.16033389071273,0,1.56966945819836,30.4563727148257
"486","Cameroon",2005,"11",1,1,0.430402186263705,0.533248774383449,0,34.1118984125071,7.57241375361428
"487","Colombia",2005,"14",4,1,0.0762031081165124,0.353350474046402,0,16.8579081622064,30.3419559101439
"488","Comoros",2005,"11",1,1,0.0396035122657735,1.65736657657541,0,61.4053313313948,7.21242006036137
"489","Costa Rica",2005,"11",1,1,2.21385300727922,0.433961424657173,0,6.62043343868791,36.7693721234472
"490","Cuba",2005,"11",1,1,0.0025042065341675,1.69098766260914,0,1.34551436224817,0
"491","Cyprus",2005,"11",1,1,4.31993073700399,0.0418367090005094,0.0024874852106495,5.03035554095963,56.1315034906119
"492","Czech Republic",2005,"11",1,1,2.56514992925426,0.210611547145805,0.0628933856689807,3.72193063451004,30.74986592638
"493","Germany",2005,"34",4,3,1.28939790556553,0.622898751491189,1.44282047610857,1.0995277504933e-06,9.98588948554592
"494","Djibouti",2005,"11",1,1,0.465695279841111,0.46595221516792,0,95.5356195614329,91.7761773557039
"495","Denmark",2005,"41",1,4,1.95273231585893,0.286284614328586,3.25638942770361,0.000160766562430642,12.5433461138801
"496","Dominican Republic",2005,"11",1,1,0.499687958893929,2.01501153171859,0,16.650125184099,27.4193939864824
"497","Algeria",2005,"14",4,1,0.22545164951414,0.646328995887235,0,5.86039808467517,9.75721624104369
"498","Ecuador",2005,"11",1,1,0.975258372046428,1.84867645482799,0,16.7379479238304,5.59799399372291
"499","Eritrea",2005,"11",1,1,1.43123580830931,0.117696938376479,0,172.249124289891,14.0213069951355
"500","Spain",2005,"34",4,3,5.15819761481158,0.00427918669337875,0.973046410101713,0,19.5735012961296
"501","Estonia",2005,"11",1,1,0.529903489509328,0.531305936410105,0.0162357830629622,4.91680026805891,89.2992309876236
"502","Ethiopia",2005,"14",4,1,0.00459087851570802,0.396742233240621,0,102.11301381618,10.9858169173788
"503","Finland",2005,"11",1,1,1.45765536886858,0.0732735352155203,1.52344617732193,0,23.5130633901426
"504","Fiji",2005,"11",1,1,0.402764595653549,3.90121924509017,0,17.8336042825151,50.6359941920688
"505","France",2005,"34",4,3,1.68438722294035,0.893336108079354,2.07957743787872,1.8687479709116e-05,15.1694176335322
"506","Gabon",2005,"11",1,1,3.19950180617037,2.83485643903186,0,12.5277670204207,23.3567857901463
"507","United Kingdom",2005,"34",4,3,2.81450506137245,1.12521925472813,1.21014279306278,3.86272714553624e-05,37.2315562035367
"508","Georgia",2005,"11",1,1,0.0155369928400955,3.59630071599045,0,37.2903051253232,89.6161274256874
"509","Ghana",2005,"11",1,1,0.463722551152869,0.700530175673931,0,87.6343599091905,67.5723211830697
"510","Guinea",2005,"11",1,1,0.0392387110879765,3.13946921007428,0,78.075240399814,38.7675239227768
"511","Guinea-Bissau",2005,"11",1,1,0.179042155232762,0.861097742387119,0,98.1160785852482,12.0775339420781
"512","Equatorial Guinea",2005,"11",1,1,3.19764933707854,0,0,2.29681038872605,40.4476243199418
"513","Greece",2005,"11",1,1,1.67554144716352,0.274070623630125,0.434830461689663,0.000143646657486735,6.68038775489861
"514","Grenada",2005,"11",1,1,0.485667939116667,5.34234733028334,0,35.6431337835562,79.6536785785543
"515","Guatemala",2005,"11",1,1,0.112936582494564,1.62900533659296,0,14.2093937610908,12.7963437143866
"516","Guyana",2005,"11",1,1,0.41050781486744,5.79774947979448,0,128.412874634795,81.6603082372493
"517","Honduras",2005,"11",1,1,0.058733919936118,1.51148639839562,0,46.6962002000605,41.1586245573242
"518","Croatia",2005,"11",1,1,0.628590724898694,0.403804592525889,0,11.8318022090696,39.7378951147014
"519","Haiti",2005,"11",1,1,0.0386250893164709,2.62874067203553,0,66.1354726798728,8.03576269994041
"520","Hungary",2005,"11",1,1,0.763036621653573,0.0199959056474802,0.0095072522477391,4.33816591870403,150.868351777458
"521","Indonesia",2005,"43",3,4,0.0115599807001581,0.577590203727169,0,9.99878807914516,12.0246712230474
"522","India",2005,"42",2,4,0.0668847692027994,0.325465387169951,0,4.74496616044906,15.764996403563
"523","Ireland",2005,"41",1,4,2.53916306923653,0.135267219466556,0.986308783982103,0.211306465368238,97.4298848156701
"524","Iraq",2005,"11",1,1,0.0158377585785206,0.569126652915687,0,86.837357356282,10.6578154057593
"525","Iceland",2005,"11",1,1,4.25667432784918,0.746459792271866,0.0851056216941407,0,50.0719990835945
"526","Israel",2005,"11",1,1,5.17877086910723,1.23006883017561,0,2.46433069497918,30.9611898591603
"527","Italy",2005,"34",4,3,3.48135926136586,0.0333606557546726,0.676578299413767,1.92096568224141e-06,5.70858743507053
"528","Jamaica",2005,"11",1,1,0.166474475407485,3.9003498279241,0,17.0859706922699,37.0739044385746
"529","Jordan",2005,"11",1,1,6.31425345144611,2.50728391732805,0,48.5901858430038,106.369328092577
"530","Japan",2005,"53",3,5,0.290807134527639,0.0801335180358918,1.7482268845846,0,1.29421483710701
"531","Kazakhstan",2005,"11",1,1,3.15578718440428,3.11017427906159,0,6.39616866545363,93.1747809974801
"532","Kenya",2005,"14",4,1,0.319287313035941,0.856719164084796,0,31.5475400382583,5.40494983113458
"533","Kyrgyz Republic",2005,"11",1,1,0.0440475729283694,2.59336380893348,0,66.3929636613773,40.6006699272441
"534","Cambodia",2005,"11",1,1,0.000112612122259528,1.91278446385143,0,58.4196255880966,48.5293243247924
"535","Kuwait",2005,"11",1,1,14.5379668882013,2.26969911698336,4.99576111339804,0.0348007488661891,1.9485417430235
"536","Lebanon",2005,"11",1,1,1.89815807658398,2.21068433468402,0,16.0207792170469,83.6670057150031
"537","Liberia",2005,"11",1,1,9.61072070159943,0.433025280553529,0,178.777695090909,133.388353908788
"538","Libya",2005,"11",1,1,0.812059826153146,1.16020858588827,0,1.02346564277466,28.0417001227152
"539","St. Lucia",2005,"11",1,1,1.17286450996633,1.77743384500051,0,35.1772662355179,94.1887769340027
"540","Sri Lanka",2005,"11",1,1,0.00042843132194291,1.28868528364218,0,36.9804476909402,10.2895764291323
"541","Lesotho",2005,"11",1,1,0.0138640512938743,1.053148645477,0,41.3399028599507,13.6558465973559
"542","Lithuania",2005,"11",1,1,0.376309845996783,1.44534523110114,0,4.81782501477013,27.2987413991954
"543","Luxembourg",2005,"11",1,1,9.82096405952386,0.69094802196243,3.08892536631724,0.376771219613305,112.385396430199
"544","Latvia",2005,"11",1,1,0.343711070087132,0.791585131135042,0.00102421012600211,5.57114320377117,39.1751880695108
"545","Morocco",2005,"11",1,1,0.00680588250723314,2.22821236420199,0,20.5066870154727,18.01164988678
"546","Moldova",2005,"11",1,1,0.299289021683712,5.07748275680792,0,42.1342336408321,61.812275868696
"547","Madagascar",2005,"11",1,1,0.0390314172565118,0.0718300546177409,0,120.828263305116,71.3855704006012
"548","Maldives",2005,"11",1,1,3.15451713395639,3.16542056074766,0,31.6445398379095,52.5509570880549
"549","Mexico",2005,"44",4,4,0.215212306647564,1.85963548133666,0,2.44088671246612,14.6747482883864
"550","Macedonia, FYR",2005,"11",1,1,1.08375667068384,0.98619899025598,0,40.146653651338,34.7914792691952
"551","Mali",2005,"11",1,1,0.203852318974421,0.983062068485809,0,73.1547637342765,22.8584994557956
"552","Malta",2005,"11",1,1,1.2703239449873,0.0321914449996781,0,1.21630049390132,1543.67425105404
"553","Myanmar",2005,"14",4,1,0.0201201551578659,1.01876366017892,0,6.579788327385,26.3910817944254
"554","Montenegro",2005,"11",1,1,3.64877470651726,4.0577213920467,0,0.00102373896773212,203.115069921766
"555","Mongolia",2005,"11",1,1,0.25953443709684,0.854282714024874,0,61.750906845313,90.1197829608403
"556","Mozambique",2005,"11",1,1,0.252917212343295,0.349117864069104,0,138.954999532774,30.5773123677982
"557","Mauritania",2005,"11",1,1,0.636602604810838,0.320726726941901,0,116.02698068517,66.1743536399016
"558","Mauritius",2005,"11",1,1,0.803172633673491,0.803009800904373,0,15.8489477220195,17.8825515801477
"559","Malawi",2005,"11",1,1,0.252772115383258,0.411708770250284,0,108.376504378355,14.8856217154116
"560","Malaysia",2005,"11",1,1,2.86993891020217,2.53912564538766,0,2.54213838705376,19.7681694216902
"561","Namibia",2005,"11",1,1,0.583761629105892,0.659241667349111,0,18.247491183856,40.2000098940217
"562","New Caledonia",2005,"11",1,1,3.47748917748918,0.709090909090909,0,0,0
"563","Niger",2005,"11",1,1,0.156242630939037,0.363043508567317,0,102.912140636018,32.3677137364658
"564","Nigeria",2005,"13",3,1,0.0836665781996176,0.294183917186132,0,14.1310495452659,29.0635618083421
"565","Nicaragua",2005,"11",1,1,0.025430690493439,3.74266148906731,0,104.172615076277,31.1769556450926
"566","Netherlands",2005,"41",1,4,1.49018974908375,1.18361864201353,3.44568495242159,0,237.313287578006
"567","Norway",2005,"41",1,4,3.82238539603066,0.11844376657234,4.27660392177173,0,24.6036037704135
"568","Nepal",2005,"11",1,1,0.378678713209829,0.766747062073176,0,45.1817767808161,0.50197546687874
"569","New Zealand",2005,"11",1,1,5.43697235056484,3.86383318416024,0.90130163721829,0,10.1939132642857
"570","Oman",2005,"11",1,1,6.83679505810185,0.730267091788195,0,1.76234322181826,35.0824198811815
"571","Pakistan",2005,"13",3,1,0.0192036349735765,1.32022675573928,0,26.8862740905582,18.1183735700675
"572","Panama",2005,"11",1,1,0.640164902188744,0.30807691137381,0,7.07992647790218,59.5331958265093
"573","Peru",2005,"11",1,1,0.000474458796440733,2.62639020954636,0,16.2790371366932,32.7245827612487
"574","Philippines",2005,"14",4,1,0.0186983321011148,1.44914221415997,0,8.52181060335706,10.3760779755875
"575","Papua New Guinea",2005,"11",1,1,0.110006645413392,0.106753760737189,0,63.0919566272007,10.8175724856342
"576","Poland",2005,"44",4,4,0.272212206617793,0.126687897913938,0,4.62576562548527,28.139253120747
"577","Portugal",2005,"11",1,1,1.65123822635298,0.224033711213491,1.33652743583858,0,18.7800835803271
"578","Paraguay",2005,"11",1,1,0.768476469560053,1.45904757369218,0,9.52379107567673,6.98482176061458
"579","French Polynesia",2005,"11",1,1,0.39233533685912,0.555154501655655,0,0,0
"580","Qatar",2005,"11",1,1,102.449565312979,0.0373988558100855,0,0.197324341388479,50.7592895348909
"581","Romania",2005,"11",1,1,0.350633698387195,0.820044949069369,0,13.1261164694255,46.0531409921933
"582","Rwanda",2005,"11",1,1,0.577172208080833,0.414643054184895,0,139.620078011983,13.3816677202575
"583","Saudi Arabia",2005,"41",1,4,5.25126660774622,0.983207672751476,0.547582704237978,0.0408640613392418,39.7831834153804
"584","Sudan",2005,"11",1,1,0.0408377579708261,1.60287574840177,0,26.144789696576,31.2439831790115
"585","Senegal",2005,"11",1,1,0.112175053070398,1.28923664348388,0,60.3907102191387,18.2898778617179
"586","Singapore",2005,"11",1,1,17.4780496427133,0.556922772531613,0,0.0694662046930787,108.909011821119
"587","Solomon Islands",2005,"11",1,1,0.189215565111036,0.186871678606282,0,191.65895469263,61.5108298593784
"588","Sierra Leone",2005,"11",1,1,1.44896614675098,0.263070145531564,0,181.461563882493,25.1002938490553
"589","El Salvador",2005,"11",1,1,0.0978106357842658,5.00214722678179,0,20.772923539529,20.911441575308
"590","Somalia",2005,"11",1,1,0.0117161599624327,3.55430735408716,0,0,0
"591","Serbia",2005,"11",1,1,1.89010033774735,1.89035568769841,0,41.0609100896703,65.6757020007159
"592","Suriname",2005,"11",1,1,1.80833700881506,2.82337972231651,0,43.2766938360714,-39.4145285714286
"593","Slovak Republic",2005,"11",1,1,0.683013553250656,0.00024195918446354,0.0240826242532692,4.25111608916929,33.2415118872719
"594","Slovenia",2005,"11",1,1,1.96793359973686,0.867294451215062,0,4.20113697678155,11.7812621525711
"595","Sweden",2005,"41",1,4,3.35990454475583,0.417804963513221,3.3334136074937,0,35.8254813745805
"596","Swaziland",2005,"11",1,1,0.654329638018471,1.19866889001142,0,22.8361411709933,9.14446973226935
"597","Chad",2005,"11",1,1,0.806600600798655,1.55044750004271,0,34.1340126719699,2.13068543096962
"598","Togo",2005,"11",1,1,0.517208090969537,0.611557201321784,0,27.2704836878583,16.3775962859507
"599","Thailand",2005,"14",4,1,1.14386206249659,0.395316267969441,0,2.35830365869408,21.5193059665053
"600","Tajikistan",2005,"11",1,1,0.00399667629346477,4.35449637103262,0,82.0749007279268,49.5035768577007
"601","Turkmenistan",2005,"11",1,1,0.0692736211147851,1.21773295177027,0,1.87864962149815,96.6776419213974
"602","Timor-Leste",2005,"11",1,1,0,5.04003549278068,0,337.574694501018,21.534392578959
"603","Tonga",2005,"11",1,1,0.23696682464455,8.36225187887922,0,80.6082319534569,20.7124088803571
"604","Tunisia",2005,"11",1,1,0.0215689676898052,0.219639203335974,0,27.6355746367796,29.7272846417474
"605","Turkey",2005,"44",4,4,0.258574129969965,0.332176466948422,0,11.2382013357697,16.7085649273089
"606","Tanzania",2005,"14",4,1,0.120269495412844,0.894889621559633,0,71.2800521525752,25.1386135407553
"607","Uganda",2005,"11",1,1,0.220102314305121,0.704144111992074,0,89.517613556341,37.5734474864611
"608","Ukraine",2005,"14",4,1,0.575943394724356,0.661721701342635,0,8.50127916913245,45.3599774833957
"609","Uruguay",2005,"11",1,1,0.211540265719832,1.71547578668322,0,51.7204620202038,42.8401520580059
"610","United States",2005,"23",3,2,2.30972677105018,0.632773592525001,1.05133906773366,0.00226685986097464,9.61683481080939
"611","Uzbekistan",2005,"11",1,1,0.0551725455726679,2.03716895326174,0,21.375644738018,18.3393199065527
"612","Vanuatu",2005,"11",1,1,0.32,0.320477611940299,0,82.9442024471267,40.6846754688102
"613","Samoa",2005,"11",1,1,0,8.74516473255969,0,73.7425883017509,18.9618424220544
"614","South Africa",2005,"44",4,4,1.78039126798084,0.311082458069563,0.00443892470165435,2.58200173743653,12.1198503179263
"615","Zambia",2005,"11",1,1,0.186439409973321,0.894334588413041,0,93.6512225177442,47.1688818982287
"616","Zimbabwe",2005,"11",1,1,0,6.93291759399613,0,21.8948262264806,6.39941317919789
